test,raw,union_at_base,union_everywhere,union_everywhere_unsound
bool_band,157,160,161,166
bool_bor,167,165,171,166
bool_impl,158,161,184,163
bool_neg,159,161,165,157
bool_xor,161,159,170,166
list_append,232,332,323,329
list_compress,48206,46111,46414,51605
list_concat,274,293,296,299
list_drop,256,509,507,558
list_even_parity,254,331,333,352
list_filter,277,491,timeout,526
list_fst,209,223,233,229
list_hd,183,195,201,190
list_inc,235,233,453,242
list_last,223,248,256,273
list_length,206,215,220,222
list_map,255,285,584,288
list_map_big,255,284,timeout,291
list_map_big,259,291,timeout,299
list_nth,342,842,849,957
list_rev_append,526,569,567,582
list_rev_fold,340,356,368,369
list_rev_snoc,291,328,316,337
list_snoc,234,259,264,259
list_sort_sorted_insert,311,360,350,354
list_sorted_insert,2755,4149,4293,4715
list_stutter,210,221,224,230
list_sum,338,342,344,340
list_tl,189,187,194,215
list_take,279,5485,5541,458
list_tuple_sum,295,325,332,336
list_tuple_swap,215,220,224,226
list_unzip,183,200,204,209
nat_div2,187,221,225,226
nat_iseven,182,204,206,205
nat_max,207,206,215,209
nat_pred,162,158,164,161
nat_sum,189,216,220,216
